{
  "chiyoda": [
    35.6869323,
    139.7564915
  ],
  "chuo": [
    35.6684075,
    139.7758539
  ],
  "minato": [
    35.652844,
    139.745837
  ],
  "shinjuku": [
    35.7015623,
    139.7092071
  ],
  "bunkyo": [
    35.7176992,
    139.7448612
  ],
  "taito": [
    35.7132135,
    139.786034
  ],
  "sumida": [
    35.7151025,
    139.8157825
  ],
  "koto": [
    35.6483705,
    139.807634
  ],
  "shinagawa": [
    35.6130422,
    139.7375444
  ],
  "meguro": [
    35.632355,
    139.689689
  ],
  "ota": [
    35.5473805,
    139.7553202
  ],
  "setagaya": [
    35.6364912,
    139.6345003
  ],
  "shibuya": [
    35.6668209,
    139.6926519
  ],
  "nakano": [
    35.7060589,
    139.6592789
  ],
  "suginami": [
    35.6986546,
    139.6264435
  ],
  "toshima": [
    35.7291424,
    139.7150585
  ],
  "kita": [
    35.765179,
    139.7300651
  ],
  "arakawa": [
    35.7398141,
    139.7820945
  ],
  "itabashi": [
    35.7683535,
    139.6736496
  ],
  "nerima": [
    35.7457934,
    139.6220211
  ],
  "adachi": [
    35.7780764,
    139.7971887
  ],
  "katsushika": [
    35.7541506,
    139.8539042
  ],
  "edogawa": [
    35.6410206,
    139.8581612
  ],
  "akihabara": [
    35.6985629,
    139.7735906
  ],
  "kanda": [
    35.6917939,
    139.7709112
  ],
  "marunouchi": [
    35.6804789,
    139.7653906
  ],
  "yurakucho": [
    35.6742497,
    139.7615298
  ],
  "ginza": [
    35.6695059,
    139.7655024
  ],
  "nihonbashi": [
    35.6812036,
    139.7745141
  ],
  "tsukishima": [
    35.6630641,
    139.7815701
  ],
  "roppongi": [
    35.6628841,
    139.7336617
  ],
  "azabu": [
    35.6562947,
    139.7274552
  ],
  "akasaka": [
    35.6713312,
    139.7358747
  ],
  "toranomon": [
    35.6659726,
    139.7462543
  ],
  "shirogane": [
    35.6431583,
    139.7283687
  ],
  "takanawa": [
    35.6340722,
    139.7357477
  ],
  "harajuku": [
    35.6704511,
    139.7026703
  ],
  "daikanyama": [
    35.6481642,
    139.7032482
  ],
  "ebisu": [
    35.6450633,
    139.7165965
  ],
  "aoyama": [
    35.6608269,
    139.7076569
  ],
  "shoto": [
    35.6604542,
    139.6919858
  ],
  "kagurazaka": [
    35.7012594,
    139.7390066
  ],
  "yotsuya": [
    35.6861629,
    139.7229223
  ],
  "waseda": [
    35.7058028,
    139.721191
  ],
  "okubo": [
    35.7037555,
    139.7048254
  ],
  "kabukicho": [
    35.6954855,
    139.7031063
  ],
  "asakusa": [
    35.7170412,
    139.7986682
  ],
  "ueno": [
    35.7134128,
    139.7765418
  ],
  "yanaka": [
    35.7250151,
    139.7683222
  ],
  "nezu": [
    35.7173914,
    139.7657175
  ],
  "yushima": [
    35.71496,
    139.795377
  ],
  "hongo": [
    35.7084776,
    139.7602961
  ],
  "koishikawa": [
    35.7146011,
    139.745043
  ],
  "jiyugaoka": [
    35.610309,
    139.6673987
  ],
  "nakameguro": [
    35.6400252,
    139.7017134
  ],
  "sangenjaya": [
    35.6412727,
    139.667996
  ],
  "shimokitazawa": [
    35.6616779,
    139.6663345
  ],
  "kamima": [
    35.6371947,
    139.6632862
  ],
  "komazawa": [
    35.6300766,
    139.6563744
  ],
  "todoroki": [
    35.6087504,
    139.6539825
  ],
  "yoga": [
    35.6268809,
    139.6364015
  ],
  "kiba": [
    35.6704235,
    139.806175
  ],
  "kiyosumi": [
    35.6820504,
    139.7987644
  ],
  "monzen-nakacho": [
    35.6723099,
    139.7950785
  ],
  "kinshicho": [
    35.6963122,
    139.8150431
  ],
  "mukojima": [
    35.7158641,
    139.8076013
  ],
  "minami-senju": [
    35.7347624,
    139.8012566
  ],
  "oji": [
    35.7595926,
    139.7370564
  ],
  "akabane": [
    35.7836659,
    139.7217028
  ],
  "ikebukuro": [
    35.7297878,
    139.7101245
  ],
  "sugamo": [
    35.7366998,
    139.7371531
  ],
  "zoshigaya": [
    35.7201803,
    139.7184267
  ],
  "ogikubo": [
    35.6973987,
    139.6225012
  ],
  "koenji": [
    35.7049419,
    139.649909
  ],
  "asagaya": [
    35.7048403,
    139.6354724
  ],
  "ochiai": [
    35.7106637,
    139.6859133
  ],
  "shakujii": [
    35.7438271,
    139.6061566
  ],
  "narimasu": [
    35.7809849,
    139.6313338
  ],
  "kita-senju": [
    35.748916,
    139.8047536
  ],
  "shibamata": [
    35.7561784,
    139.8778422
  ],
  "osaki": [
    35.6202583,
    139.7266441
  ],
  "gotanda": [
    35.6270423,
    139.7242627
  ],
  "kamata": [
    35.5636433,
    139.7218633
  ],
  "omori": [
    35.5884735,
    139.7279334
  ],
  "ikegami": [
    35.5743803,
    139.7042578
  ],
  "koiwa": [
    35.7331837,
    139.8818996
  ],
  "tokyo": [
    28.0565028,
    145.0296133
  ],
  "yoyogi": [
    35.6790392,
    139.6956407
  ],
  "hatagaya": [
    35.6776296,
    139.6744631
  ],
  "sasazuka": [
    35.6761014,
    139.6665759
  ],
  "hatsudai": [
    35.6779416,
    139.685089
  ],
  "ushigome": [
    35.6973431,
    139.7315529
  ],
  "ichigaya": [
    35.6969892,
    139.7434345
  ],
  "nishi-shinjuku": [
    35.6898921,
    139.6916486
  ],
  "kojimachi": [
    35.6840302,
    139.7376724
  ],
  "nagatachō": [
    35.6756517,
    139.7432475
  ],
  "kasumigaseki": [
    35.6738385,
    139.7495326
  ],
  "kioicho": [
    35.6814128,
    139.7346215
  ],
  "hatchobori": [
    35.6762294,
    139.7765781
  ],
  "irifune": [
    35.6717494,
    139.7767981
  ],
  "senzoku": [
    35.7217182,
    139.7938485
  ],
  "negishi": [
    35.7251746,
    139.7825703
  ],
  "iriya": [
    35.7204333,
    139.7867182
  ],
  "hakusan": [
    35.7211326,
    139.7474836
  ],
  "otowa": [
    35.715577,
    139.7285111
  ],
  "oshiage": [
    35.7126768,
    139.8158573
  ],
  "narihira": [
    35.7075841,
    139.8132448
  ],
  "tachibana": [
    35.7093223,
    139.8328899
  ],
  "kameido": [
    35.7007092,
    139.8332268
  ],
  "sunamachi": [
    35.6849899,
    139.8371019
  ],
  "togoshi": [
    35.6121635,
    139.7181489
  ],
  "musashi-koyama": [
    35.6205612,
    139.7045734
  ],
  "nishi-oi": [
    35.598227,
    139.7198168
  ],
  "himonya": [
    35.6218808,
    139.6856194
  ],
  "yutenji": [
    35.6382191,
    139.6935732
  ],
  "yakumo": [
    35.620076,
    139.6691321
  ],
  "kyodo": [
    35.6503414,
    139.6322351
  ],
  "matsubara": [
    35.6636554,
    139.6488362
  ],
  "gotokuji": [
    35.6509836,
    139.6477956
  ],
  "funabashi-sg": [
    35.653468,
    139.6226637
  ],
  "chitose-karasuyama": [
    35.6680037,
    139.6008523
  ],
  "yukigaya": [
    35.5892552,
    139.6808177
  ],
  "kugahara": [
    35.58052,
    139.693363
  ],
  "yaguchi": [
    35.5632308,
    139.6926368
  ],
  "komagome": [
    35.7375822,
    139.7442491
  ],
  "otsuka": [
    35.7316851,
    139.7285879
  ],
  "shiinachō": [
    35.7264476,
    139.6948922
  ],
  "takinogawa": [
    35.7463121,
    139.7293314
  ],
  "jūjō": [
    35.7604255,
    139.7223822
  ],
  "tokiwadai": [
    35.7615236,
    139.6856367
  ],
  "oyama-ita": [
    35.7486238,
    139.7024348
  ],
  "shimura": [
    35.7752502,
    139.6908704
  ],
  "hikarigaoka": [
    35.7618102,
    139.6313802
  ],
  "oizumi-gakuen": [
    35.7495045,
    139.5865223
  ],
  "kugayama": [
    35.6879076,
    139.5976927
  ],
  "hamadayama": [
    35.6813633,
    139.629715
  ],
  "amanuma": [
    35.7082171,
    139.6231287
  ],
  "nogata": [
    35.716474,
    139.6545514
  ],
  "arai-nakano": [
    35.714273,
    139.6651268
  ],
  "mikawashima": [
    35.7333434,
    139.7773921
  ],
  "nishiarai": [
    35.7841982,
    139.7771079
  ],
  "hanabatake": [
    35.8065705,
    139.8137531
  ],
  "kameari": [
    35.7615931,
    139.8487548
  ],
  "horikiri": [
    35.7469872,
    139.8268997
  ],
  "hirai": [
    35.7086023,
    139.8443803
  ],
  "kasai": [
    35.6636282,
    139.8726921
  ],
  "sendagi": [
    35.7266327,
    139.7601861
  ],
  "kudanshita": [
    35.6952205,
    139.7505535
  ],
  "ochiai-shinjuku": [
    35.7114231,
    139.6906814
  ]
}