{
  "tokyo": [
    35.6768601,
    139.7638947
  ],
  "chiyoda": [
    35.6938097,
    139.7532163
  ],
  "chuo": [
    35.6706436,
    139.7719923
  ],
  "minato": [
    35.6580089,
    139.7515137
  ],
  "shinjuku": [
    35.6937632,
    139.7036319
  ],
  "bunkyo": [
    35.7080255,
    139.7523066
  ],
  "taito": [
    35.7125805,
    139.7800712
  ],
  "sumida": [
    35.7104196,
    139.8017421
  ],
  "koto": [
    35.6727747,
    139.8169621
  ],
  "shinagawa": [
    35.6092008,
    139.7301982
  ],
  "meguro": [
    35.6408352,
    139.6985376
  ],
  "ota": [
    35.561206,
    139.715843
  ],
  "setagaya": [
    35.6442148,
    139.6482554
  ],
  "shibuya": [
    35.6633709,
    139.6964952
  ],
  "nakano": [
    35.7058302,
    139.665633
  ],
  "suginami": [
    35.6994929,
    139.6362876
  ],
  "toshima": [
    35.725913,
    139.7166365
  ],
  "kita": [
    35.7528821,
    139.7338331
  ],
  "arakawa": [
    35.737529,
    139.78131
  ],
  "itabashi": [
    35.7505106,
    139.7152582
  ],
  "nerima": [
    35.7373437,
    139.6544918
  ],
  "adachi": [
    35.7746029,
    139.8045163
  ],
  "katsushika": [
    35.7433912,
    139.8473472
  ],
  "edogawa": [
    35.7066318,
    139.868677
  ],
  "akihabara": [
    35.6984622,
    139.775504
  ],
  "kanda": [
    35.6937148,
    139.7708898
  ],
  "marunouchi": [
    35.6790703,
    139.7652988
  ],
  "yurakucho": [
    35.6736817,
    139.7611853
  ],
  "ginza": [
    35.6720135,
    139.7647202
  ],
  "nihonbashi": [
    35.6812562,
    139.7730907
  ],
  "tsukishima": [
    35.6632293,
    139.7822568
  ],
  "roppongi": [
    35.6624568,
    139.7334981
  ],
  "azabu": [
    35.6563155,
    139.7271714
  ],
  "akasaka": [
    35.6716786,
    139.7356224
  ],
  "toranomon": [
    35.6670276,
    139.7460078
  ],
  "shirogane": [
    35.6438973,
    139.7277018
  ],
  "takanawa": [
    35.6349739,
    139.7357164
  ],
  "harajuku": [
    35.6687049,
    139.7053357
  ],
  "daikanyama": [
    35.648157,
    139.703293
  ],
  "ebisu": [
    35.6464413,
    139.7102082
  ],
  "aoyama": [
    35.6608269,
    139.7076569
  ],
  "omotesando": [
    35.6677042,
    139.7072068
  ],
  "shoto": [
    35.6607632,
    139.6920068
  ],
  "tomigaya": [
    35.6658083,
    139.6876001
  ],
  "sangenjaya": [
    35.6421171,
    139.6687889
  ],
  "shimokitazawa": [
    35.6616779,
    139.6663345
  ],
  "yoga": [
    35.6271856,
    139.6358222
  ],
  "futako": [
    35.6117897,
    139.6268002
  ],
  "jiyugaoka": [
    35.613548,
    139.661611
  ],
  "nakameguro": [
    35.6442023,
    139.6987133
  ],
  "yutenji": [
    35.6375748,
    139.6910422
  ],
  "gakugeidaigaku": [
    35.6289468,
    139.6853465
  ],
  "naka-meguro": [
    35.6339231,
    139.7072864
  ],
  "kabukicho": [
    35.6945429,
    139.7027105
  ],
  "takadanobaba": [
    35.7127361,
    139.7039724
  ],
  "ochiai": [
    35.7108824,
    139.6850324
  ],
  "yotsuya": [
    35.6861404,
    139.7286558
  ],
  "ushigome": [
    35.6994965,
    139.7255818
  ],
  "hongo": [
    35.7077379,
    139.760167
  ],
  "koishikawa": [
    35.7131491,
    139.7460916
  ],
  "yanaka": [
    35.7211092,
    139.7710343
  ],
  "hakusan": [
    35.7215191,
    139.7521258
  ],
  "nezu": [
    35.7173532,
    139.765722
  ],
  "ueno": [
    35.7118534,
    139.7775675
  ],
  "asakusa": [
    35.7175966,
    139.7975626
  ],
  "kuramae": [
    35.7032122,
    139.790939
  ],
  "shitaya": [
    35.7236866,
    139.7851231
  ],
  "kinshicho": [
    35.6963122,
    139.8150431
  ],
  "oshiage": [
    35.7125387,
    139.8148147
  ],
  "ryogoku": [
    35.6957996,
    139.7929596
  ],
  "mukojima": [
    35.7159673,
    139.8093821
  ],
  "kiyosumi": [
    35.6826914,
    139.7960478
  ],
  "shinonome": [
    35.6589236,
    139.8171968
  ],
  "tatsumi": [
    35.6485139,
    139.8119175
  ],
  "monzen-nakacho": [
    35.6726188,
    139.7950012
  ],
  "fukagawa": [
    35.6768254,
    139.7972635
  ],
  "osaki": [
    35.6193903,
    139.7284866
  ],
  "gotanda": [
    35.6250101,
    139.7239931
  ],
  "togoshi": [
    35.614502,
    139.7163642
  ],
  "nishikoi": [
    35.6154648,
    139.6987635
  ],
  "kamata": [
    35.5637235,
    139.7216959
  ],
  "oimachi": [
    35.5587324,
    139.7153909
  ],
  "haneda": [
    35.5479444,
    139.7466458
  ],
  "denenchofu": [
    35.5933549,
    139.6655655
  ],
  "shin-nakano": [
    35.6974599,
    139.6686428
  ],
  "higashi-nakano": [
    35.7073311,
    139.6832731
  ],
  "koenji": [
    35.7049419,
    139.649909
  ],
  "asagaya": [
    35.7048403,
    139.6354724
  ],
  "ogikubo": [
    35.7042091,
    139.6200067
  ],
  "nishi-ogikubo": [
    35.7037331,
    139.5996053
  ],
  "eifukucho": [
    35.6763752,
    139.6426731
  ],
  "ikebukuro": [
    35.7297986,
    139.7102422
  ],
  "sugamo": [
    35.7364837,
    139.7344705
  ],
  "zoshigaya": [
    35.7195684,
    139.7177949
  ],
  "mejiro": [
    35.7242907,
    139.7028671
  ],
  "akabane": [
    35.7781394,
    139.7207999
  ],
  "oji": [
    35.7539829,
    139.7375996
  ],
  "jujo": [
    35.7600083,
    139.7223074
  ],
  "nippori": [
    35.7289204,
    139.7713635
  ],
  "minowa": [
    35.732138,
    139.7916028
  ],
  "tokiwadai": [
    35.761537,
    139.6855991
  ],
  "hikarigaoka": [
    35.7585523,
    139.6293801
  ],
  "shakujii": [
    35.7438271,
    139.6061566
  ],
  "kita-senju": [
    35.7497331,
    139.804934
  ],
  "ayase": [
    35.7621283,
    139.8248669
  ],
  "kameari": [
    35.7666652,
    139.8478007
  ],
  "shibamata": [
    35.7563821,
    139.8770799
  ],
  "kasai": [
    35.6636282,
    139.8726921
  ],
  "koiwa": [
    35.7331837,
    139.8818996
  ],
  "kagurazaka": [
    35.7010851,
    139.7412287
  ],
  "waseda": [
    35.7058028,
    139.721191
  ],
  "okubo": [
    35.7046389,
    139.7052761
  ],
  "yushima": [
    35.7064465,
    139.7701173
  ],
  "kamima": [
    35.6372239,
    139.6625859
  ],
  "komazawa": [
    35.631292,
    139.6559363
  ],
  "todoroki": [
    35.6084839,
    139.6541168
  ],
  "kiba": [
    35.669416,
    139.8065455
  ],
  "minami-senju": [
    35.7323388,
    139.7987663
  ],
  "narimasu": [
    35.7776274,
    139.6329169
  ],
  "omori": [
    35.5884735,
    139.7279334
  ],
  "ikegami": [
    35.574447,
    139.7045511
  ],
  "yoyogi": [
    35.682304,
    139.6917362
  ],
  "hatagaya": [
    35.677903,
    139.6740463
  ],
  "sasazuka": [
    35.6736801,
    139.6672321
  ],
  "hatsudai": [
    35.6814141,
    139.686886
  ],
  "ichigaya": [
    35.6969305,
    139.7435472
  ],
  "nishi-shinjuku": [
    35.690719,
    139.6941527
  ],
  "kojimachi": [
    35.6840302,
    139.7376724
  ],
  "nagatachō": [
    35.6768717,
    139.7431557
  ],
  "kasumigaseki": [
    35.6734887,
    139.7501817
  ],
  "kioicho": [
    35.6808358,
    139.7354864
  ],
  "hatchobori": [
    35.6750004,
    139.7770726
  ],
  "irifune": [
    35.6717492,
    139.7768969
  ],
  "senzoku": [
    35.7218507,
    139.7906806
  ],
  "negishi": [
    35.7250249,
    139.7826839
  ],
  "iriya": [
    35.7207075,
    139.7846075
  ],
  "otowa": [
    35.71617,
    139.728532
  ],
  "narihira": [
    35.7074925,
    139.8132133
  ],
  "tachibana": [
    35.7106072,
    139.8322279
  ],
  "kameido": [
    35.6973918,
    139.8266954
  ],
  "sunamachi": [
    35.6683869,
    139.8318701
  ],
  "musashi-koyama": [
    35.6205828,
    139.7045585
  ],
  "nishi-oi": [
    35.6018658,
    139.7216714
  ],
  "himonya": [
    35.6220438,
    139.6855136
  ],
  "yakumo": [
    35.6203425,
    139.6690718
  ],
  "kyodo": [
    35.6512791,
    139.636679
  ],
  "matsubara": [
    35.6633686,
    139.6492965
  ],
  "gotokuji": [
    35.6535429,
    139.6468507
  ],
  "funabashi-sg": [
    35.6539857,
    139.6218325
  ],
  "chitose-karasuyama": [
    35.6680037,
    139.6008523
  ],
  "yukigaya": [
    35.5892552,
    139.6808177
  ],
  "kugahara": [
    35.5803856,
    139.6932265
  ],